Name,Item,Quantity,$/Quantity,Seller,Shipping from,Shipping to,Legal,Category,In Stock
Amazon Carding Tutorial,eBook,1,5,topnotchdrugz,Worldwide,Worldwide,yes?,Information/eBook,498
12 Ways To Rob A ATM Machine,eBook,1,3,topnotchdrugz,Worldwide,Worldwide,yes?,Information/eBook,99
How to use socks 5,files,1,1,Hackyboy,Worldwide,Worldwide,yes?,Information/Guides,999
Hdvpass.com Porn Premium Account Plus Warranty,accounts,1,3,enjoymyaccounts,Worldwide,Worldwide,no,Information/other,998
NORD VPN 6 Months Subscription + WARRANTY,accounts,1,3.2,pornseller,Worldwide,Worldwide,no,Information/other,999
SisLovesMe Porn Premium Account Plus Warranty,accounts,1,5,enjoymyaccounts,Worldwide,Worldwide,no,Information/other,998
Centoxcento.net Porn Premium Account Plus Warranty,accounts,1,3,enjoymyaccounts,Worldwide,Worldwide,no,Information/other,999
'+7K Awesome Deep Web Onion Links List,files,1,2,Hackyboy,Worldwide,Worldwide,yes?,Information/Guides,998
EAT BURGER KING FOR FREE - TESTED WORKING,pieces,1,2.07,g3cko,Worldwide,Worldwide,no,Information/Guides,9999
Pornpros.com Porn 11 Sites Platinum Access Accoun,accounts,1,9,enjoymyaccounts,Worldwide,Worldwide,no,Information/other,998
Brazzers Porn Account Lifetime Warranty,accounts,1,2.99,pornseller,Worldwide,Worldwide,no,Information/other,999
Alljapanesepass.com Porn Premium Account Plus Warr,accounts,1,4,enjoymyaccounts,Worldwide,Worldwide,no,Information/other,998
x-art.com Porn Account Warranty Included,accounts,1,6,pornseller,Worldwide,Worldwide,no,Information/other,999
THE AMAZON UNLIMITED MONEY GUIDE,files,1,3,Hackyboy,Worldwide,Worldwide,yes?,Information/Guides,993
Atkpetites.com Porn Premium Account Plus Warranty,accounts,1,4,enjoymyaccounts,Worldwide,Worldwide,no,Information/other,999
Deezer Premium Account w/ Warranty,accounts,1,1.25,accountsheaven,Worldwide,Worldwide,no,Information/other,999
CC To BTC Guide,accounts,1,3,topnotchdrugz,Worldwide,Worldwide,yes?,Information/eBook,495
NAUGHTYAMERICA.COM| NaughtyAmerica Premium Porn Ac,pieces,1,2.95,Raperholic,Worldwide,Worldwide,no,Information/other,999
NordVPN Premium Account 6 Months Subs Warranty clo,accounts,1,3.5,enjoymyaccounts,Worldwide,Worldwide,no,Information/other,995
ipvanish.com vpn + ipvanish premium account,pieces,1,2.08,Raperholic,Worldwide,Worldwide,no,Information/other,999
PornHub Premium Porn Account Plus Warranty,accounts,1,3,enjoymyaccounts,Worldwide,Worldwide,no,Information/other,998
EAT SUBWAY FOR FREE - exploit method,pieces,1,2.08,g3cko,Worldwide,Worldwide,no,Information/Guides,9999
Dadcrush.com Porn Premium Account Plus Warranty,accounts,1,6,enjoymyaccounts,Worldwide,Worldwide,no,Information/other,999
Redtube Premium Porn Account Plus Warranty,accounts,1,3,enjoymyaccounts,Worldwide,Worldwide,no,Information/other,999
TIDAL Premium No HIFI Account w/ Warranty,accounts,1,1.25,accountsheaven,Worldwide,Worldwide,no,Information/other,999
NETFLIX 4K UHD ACCOUNT+ HBO NOW + SHOWTIME + HULU,pieces,1,3.9,Raperholic,Worldwide,Worldwide,no,Information/other,997
Spotify Premium Account (+1 Bonus) Warranty,accounts,1,1.3,pornseller,Worldwide,Worldwide,no,Information/other,998
How To Stop Drug Dogs From Smelling Drugs,eBooks,1,3,topnotchdrugz,Worldwide,Worldwide,yes?,Information/eBook,99
RubMaps Only USA Account Plus Warranty,accounts,1,5,enjoymyaccounts,Worldwide,Worldwide,no,Information/other,999
helixstudios.net Porn Premium Account Plus Warrant,accounts,1,6,enjoymyaccounts,Worldwide,Worldwide,no,Information/other,999
HOW TO CARD WITHOUT KILLING THE CARD.,eBooks,1,2,fraudsterelite,Worldwide,Worldwide,yes?,Information/eBook,9998
Grammarly Premium Account Plus Warranty,accounts,1,1.5,enjoymyaccounts,Worldwide,Worldwide,no,Information/other,996
MAKE $419 PER HOUR,eBooks,1,3,Tactic,Worldwide,Worldwide,yes?,Information/eBook,7
Activate any Windows or Office easy and for free,pieces,1,1.98,g3cko,Worldwide,Worldwide,No,Software,9999
Hack into any Windows without password - Kon-Boot,pieces,1,2.08,g3cko,Worldwide,Worldwide,Yes?,Software,9998
1X KEY MALWAREBYTE LIFE TIME,accounts,1,1.65,Tactic,Worldwide,Worldwide,Yes?,Software,86
MEGA PACK of HACKING TOOLS - big collection 2017,pieces,1,10.39,g3cko,Worldwide,Worldwide,No,Software,9999
Mac - Adobe PhotoShop & Illustrator CC 2019,pieces,1,4.15,g3cko,Worldwide,Worldwide,No,Software,9998
Super Bluetooth hack phones.,pieces,1,9.95,fraudsterelite,Worldwide,Worldwide,Yes?,Software,989
Hack any password - Passware Kit Forensic,pieces,1,2.59,g3cko,Worldwide,Worldwide,No,Software,9996
MOBILedit Forensic - work like CIA,pieces,1,2.08,g3cko,Worldwide,Worldwide,No,Software,9997
Very strong VIRUS - steal data and control any PC,pieces,1,1.98,g3cko,Worldwide,Worldwide,Yes?,Software,9999
Ultimate Hacking Toolz Collection,pieces,1,2.08,g3cko,Worldwide,Worldwide,No,Software,9996
Perfect hacking tool - USB data stealer,pieces,1,1.98,g3cko,Worldwide,Worldwide,Yes?,Software,9998
Adobe PhotoShop & Illustrator CC 2019,pieces,1,4.15,g3cko,Worldwide,Worldwide,No,Software,9997
$1.50 AUD SOFTWARE|HACK|CRACK|PACK - WELCOME GIFT,pieces,1,1.02,brikzone123,Worldwide,Worldwide,No,Software,486.5
$2AUD**FRAUDERS DREAM EDIT|SOFTWARE PILE**SPECIAL!,pieces,1,1.69,brikzone123,Worldwide,Worldwide,No,Software,194
Bestseller - Account Creator Extreme Version 4.2,pieces,1,1.98,g3cko,Worldwide,Worldwide,Yes?,Software,9999
Bitcoin Stealer guide + software,pieces,1,2.08,g3cko,Worldwide,Worldwide,Yes?,Software,9995
Bitcoin stealing virus 2018 - get unlimited BTC !,pieces,1,4.15,g3cko,Worldwide,Worldwide,Yes?,Software,9992
Mac - RUN WINDOWS ON YOUR MAC - Parallels Desktop,pieces,1,2.08,g3cko,Worldwide,Worldwide,No,Software,9999
Wifi password auto hack soft with tutorial- works!,pieces,1,1.98,g3cko,Worldwide,Worldwide,Yes?,Software,10000
King Of PC UTILITIES 2019 - Ultimate collection !,pieces,1,4.9,g3cko,Worldwide,Worldwide,No,Software,10000
Fraud mega pack.,files,1,12.43,fraudsterelite,United States,Worldwide,No,Software,10000
Bitcoin Ransomware,files,1,10,topnotchdrugz,Worldwide,Worldwide,Yes?,Software,100
Aomei Backupper - cracked,pieces,1,10.4,g3cko,Worldwide,Worldwide,No,Software,10000
File Management Software for Hackers,pieces,1,10.4,g3cko,Worldwide,Worldwide,Yes?,Software,10000
Aomei Partition - cracked,pieces,1,10.4,g3cko,Worldwide,Worldwide,No,Software,10000
Pack of Invisibility for Hackers,pieces,1,10.4,g3cko,Worldwide,Worldwide,Yes?,Software,10000
Which files were opened during your absence !,pieces,1,10.4,g3cko,Worldwide,Worldwide,Yes,Software,10000
Dorks Maker - crack and get any database !,pieces,1,41.6,g3cko,Worldwide,Worldwide,Yes?,Software,10000
Hash Finder - crack and get any database !,pieces,1,41.6,g3cko,Worldwide,Worldwide,Yes?,Software,10000
Link Searcher - hack and get any database !,pieces,1,41.6,g3cko,Worldwide,Worldwide,Yes?,Software,10000
Bitcoin Clipboard Virus,files,1,15,topnotchdrugz,Worldwide,Worldwide,Yes?,Software,100
BTC Stealer,files,1,7.46,fraudsterelite,Worldwide,Worldwide,Yes?,Software,9999
One-time Demo Build,files,1,2500,leaguemode,Worldwide,Worldwide,No,Software,10
Automatic Video Translation Software - no traces,pieces,1,10.4,g3cko,Worldwide,Worldwide,Yes?,Software,10000
"Hulu Premium, (HBO, Live TV, No ADS)",accounts,1,1.00,Tactic,Worldwide,Worldwide,Yes,Fraud,
CVV DETAILS OF DB/CR WITH HIGH BALANCE (PACK OF 2),accounts,1,15.00,dumbakarahi,Worldwide,Worldwide,No,Fraud,89
Nord VPN - 2 Year Membership,accounts,1,4.62,Tactic,Worldwide,Worldwide,Yes,Fraud,16
PizzaHut 150 - 399 Points | US,accounts,1,2.75,Tactic,Worldwide,Worldwide,Yes,Fraud,3
Carding Tutorial Package Complete Guide To Carding,pieces,1,4.90,TheShop,Worldwide,Worldwide,Yes,Fraud,9
CREATE unlimited FAKE FRENCH ID scan,pieces,1,13.19,Tactic,Worldwide,Worldwide,Yes,Fraud,8
Clearscore UK Account 500+ score,accounts,1,6.21,Enjoy,Worldwide,Worldwide,Yes,Fraud,42
Driver License Scan,pieces,1,5.00,Raperholic,Worldwide,Worldwide,Yes,Fraud,999
ITALIAN BANK ACCOUNT,accounts,1,"2,747.50",AmmaccaBanane2,Worldwide,Worldwide,No,Fraud,999
*MAILBOX|MASTERKEY* AUSTRALIAN* BONUS RUNNING,other,1,18.10,brikzone123,Australia,Australia,Yes,Fraud,45
How To Clone Credit Cards,pieces,1,5.00,topnotchdrugz,Worldwide,Worldwide,Yes,Fraud,94
How to turn your CC and CVV into FULLZ !!!,pieces,1,3.12,g3cko,Worldwide,Worldwide,Yes,Fraud,9998
2019 NEW Paypal Cashout Guide,pieces,1,5.00,Hackyboy,Worldwide,Worldwide,Yes,Fraud,997
-AUSTRALIAN- BURNER SIM CARD* READY TO GO,other,1,9.70,brikzone123,Australia,Worldwide,Yes,Fraud,143
1000$ US Paypal Balance +1000$ PP Acc For Free,accounts,1,32.00,DrWhit3 ,Worldwide,Worldwide,No,Fraud,8
Cineworld Unlimited card Accounts - UK,accounts,1,6.21,Enjoy,Worldwide,Worldwide,No,Fraud,91
|||AUSTRALIAN||| BUY BTCMARKETS VERIFIED ACCOUNT||,accounts,1,20.30,brikzone123,Worldwide,Worldwide,No,Fraud,24
18 Tutorials Mostly Carding Also Other Guides,pieces,1,10.00,topnotchdrugz,Worldwide,Worldwide,Yes,Fraud,97
Change your MAC by one click - must have for secur,pieces,1,1.98,g3cko,Worldwide,Worldwide,Yes,Security,9999
VPN software + step by step guide - stay safe !!!,pieces,1,1.98,g3cko,Worldwide,Worldwide,Yes,Security,9999
Learn everything about Proxy and become Anonymous,pieces,1,41.60,g3cko,Worldwide,Worldwide,Yes,Security,10000
Trojan Remover 6.9.4.2943 Final + Cracked-SND,pieces,1,1.98,g3cko,Worldwide,Worldwide,No,Security,10000
Recuva Professional - Technician cracked,pieces,1,1.98,g3cko,Worldwide,Worldwide,No,Security,10000
Megapack of documents and currency templates,files,1,2.08,g3cko,Worldwide,Worldwide,No,Fraud,9982
Gobank account + VBA + 2019 Cashout 100%,accounts,1,20.00,Raperholic,Worldwide,Worldwide,No,Fraud,998
CC-CVV Checker.,pieces,1,9.94,fraudsterelite,Worldwide,Worldwide,Yes,Fraud,10000
greendot Bank account + VBA + VCC + 2019 Cashout 1,accounts,1,25.00,victorviran,Worldwide,Worldwide,No,Fraud,1000
50 EURO BILLS TEMPLATES PSD HIGH QUALITY,files,1,15.00,Hackyboy,Worldwide,Worldwide,No,Fraud,1000
22K BANK BALANCE! AUSTRALIAN BANK ACCOUNT!,accounts,1,199.00,brikzone123,Worldwide,Worldwide,No,Fraud,1
SSN Template PSD PERFECT EDIT!,files,1,32.97,Tactic,Worldwide,Worldwide,No,Fraud,15
APPLE ACCOUNTS AND CREDIT CARD FULL DATA. (OFFER),accounts,1,8.79,C4RD1NGC0D3,Worldwide,Worldwide,No,Fraud,10000
-AUSTRALIAN- BANK DROPS PRE-SET- READY TO USE,accounts,1,35.67,brikzone123,Worldwide,Worldwide,No,Fraud,30
"order fake passports,",documents,1,400,caregivers420,Worldwide,Worldwide,No,Fraud,1000